,timestamp,open,high,low,close,volume
0,1606323600000.0,18984.71,19063.74,18818.71,19057.68,1231.6662861833647
1,1606327200000.0,19057.68,19124.99,19029.24,19053.13,794.8203767019567
2,1606330800000.0,19053.13,19123.42,18900.0,18982.01,684.815791538521
3,1606334400000.0,18982.01,19090.49,18735.78,18905.8,2348.3790701002977
4,1606338000000.0,18905.79,19034.03,18823.09,18876.64,1297.8934577826485
5,1606341600000.0,18876.63,18928.84,18700.0,18761.42,1233.6620326043137
6,1606345200000.0,18760.01,18856.94,18500.53,18722.66,2333.221954676231
7,1606348800000.0,18722.65,18913.7,18614.01,18862.72,1857.1586240315016
8,1606352400000.0,18862.73,18886.19,18745.78,18795.61,743.8002737216159
9,1606356000000.0,18795.61,18800.44,18358.23,18400.02,3234.501408963134
10,1606359600000.0,18400.01,18400.01,17125.0,17930.55,15088.082666942699
11,1606363200000.0,17929.19,18100.0,17588.74,17774.26,4905.616187687304
12,1606366800000.0,17774.18,17935.16,17700.0,17931.64,2282.591410104221
13,1606370400000.0,17933.29,18015.0,17828.65,17959.77,1422.9668847221767
14,1606374000000.0,17959.77,17959.77,17473.62,17625.82,3208.8344332607244
15,1606377600000.0,17629.04,17629.04,16354.28,16891.73,12047.76601672264
16,1606381200000.0,16889.04,17123.0,16690.06,17059.97,4119.785916357965
17,1606384800000.0,17058.65,17300.0,17053.24,17274.84,3336.426008818568
18,1606388400000.0,17278.07,17411.95,16933.0,17097.14,3016.5202014951715
19,1606392000000.0,17097.13,17392.68,16984.48,17370.06,2219.1079104836003
20,1606395600000.0,17370.5,17400.0,17040.88,17056.68,1530.890800730945
21,1606399200000.0,17056.68,17124.36,16725.46,16727.78,3262.3808260764404
22,1606402800000.0,16727.78,17250.0,16725.46,16905.43,2817.909613915902
23,1606406400000.0,16905.43,17034.26,16586.39,16674.24,4150.656753545676
24,1606410000000.0,16669.1,16730.0,16199.86,16695.23,4955.2645631827045
25,1606413600000.0,16690.29,16847.13,16500.0,16536.63,1619.332179878721
26,1606417200000.0,16535.67,16625.01,16301.0,16518.56,2057.668236556684
27,1606420800000.0,16518.55,17141.73,16514.45,17132.22,2856.167872068441
28,1606424400000.0,17127.34,17284.87,17014.17,17032.44,1520.8433608877344
29,1606428000000.0,17032.4,17221.96,16976.68,17167.96,881.4082965488778
30,1606431600000.0,17166.97,17174.05,16924.82,17149.16,1026.9091142558905
31,1606435200000.0,17149.16,17404.52,17017.86,17391.64,1319.6064117067046
32,1606438800000.0,17394.15,17452.67,17264.86,17303.41,1683.5396875723145
33,1606442400000.0,17303.42,17317.85,17068.07,17095.5,1564.470213640032
34,1606446000000.0,17095.51,17266.96,17022.61,17077.77,1090.8859833647948
35,1606449600000.0,17077.77,17188.0,17054.39,17074.04,1493.9120486049496
36,1606453200000.0,17073.75,17343.0,17072.46,17257.5,1570.7869386883692
37,1606456800000.0,17258.16,17313.25,17169.08,17276.34,927.6571292384847
38,1606460400000.0,17276.33,17293.7,17039.4,17101.1,1213.9370982183893
39,1606464000000.0,17100.33,17114.05,16716.23,16852.49,2958.2426966370804
40,1606467600000.0,16852.49,17230.31,16615.0,16657.53,4013.007433121438
41,1606471200000.0,16657.53,16939.23,16652.8,16920.39,2173.5694877618735
42,1606474800000.0,16920.38,16940.74,16755.0,16792.5,1111.1626571450097
43,1606478400000.0,16792.5,17076.16,16754.23,17068.51,2008.7104057790743
44,1606482000000.0,17068.51,17076.95,16906.67,16942.99,1279.6252715296737
45,1606485600000.0,16943.0,16961.84,16724.64,16767.72,1951.9089186562887
46,1606489200000.0,16767.71,16783.99,16444.0,16502.76,2897.881426810178
47,1606492800000.0,16503.23,16832.75,16467.11,16811.41,2108.604849001866
48,1606496400000.0,16811.41,16811.41,16662.61,16728.25,1086.1528444492094
49,1606500000000.0,16728.24,16863.06,16687.08,16777.43,693.9877710273188
50,1606503600000.0,16777.44,16845.71,16729.62,16800.16,1151.615744899872
51,1606507200000.0,16800.15,17130.11,16750.0,17064.53,2620.3259833127086
52,1606510800000.0,17064.53,17083.23,16886.68,16992.43,1042.5489916346248
53,1606514400000.0,16992.43,17047.16,16914.78,16957.77,635.2746379929004
54,1606518000000.0,16959.5,17146.34,16959.09,17142.7,1323.8233121349654
55,1606521600000.0,17142.69,17168.98,16980.78,17148.89,1057.5083545015705
56,1606525200000.0,17148.89,17186.61,17050.0,17128.45,1225.5603651495219
57,1606528800000.0,17128.46,17130.29,16981.74,16985.33,906.1610678959075
58,1606532400000.0,16985.34,17008.26,16926.7,16988.59,946.928942417536
59,1606536000000.0,16988.59,17023.98,16900.0,16960.43,1030.7693516081608
60,1606539600000.0,16960.43,16979.77,16867.84,16979.76,754.002044647571
61,1606543200000.0,16979.76,17038.5,16964.4,17018.31,595.5805357025329
62,1606546800000.0,17018.31,17066.2,16994.74,17014.18,923.4327608032254
63,1606550400000.0,17015.2,17049.59,16867.26,16877.67,941.0866437557967
64,1606554000000.0,16878.64,16964.6,16878.64,16915.45,742.8829672203522
65,1606557600000.0,16915.45,17250.86,16882.77,17193.99,2393.5803397997925
66,1606561200000.0,17193.99,17195.27,17111.34,17158.68,1077.9599130925067
67,1606564800000.0,17159.75,17220.0,17066.25,17132.9,1187.22350443006
68,1606568400000.0,17132.91,17358.53,17076.4,17355.5,1471.0914778842011
69,1606572000000.0,17358.26,17388.0,17265.82,17335.95,1235.3091301961565
70,1606575600000.0,17335.95,17505.0,17335.94,17505.0,2375.9087146733177
71,1606579200000.0,17505.0,17772.91,17504.99,17701.93,4025.43958239927
72,1606582800000.0,17701.93,17749.59,17592.1,17740.0,1525.0300590051847
73,1606586400000.0,17740.0,17760.0,17643.86,17728.29,1020.4302444664625
74,1606590000000.0,17728.4,17838.73,17668.82,17813.86,1197.810022372368
75,1606593600000.0,17813.86,17875.0,17671.89,17674.39,913.8658088452362
76,1606597200000.0,17674.4,17749.8,17665.0,17740.04,597.5095121230189
77,1606600800000.0,17740.04,17839.07,17630.0,17759.53,817.2365213347977
78,1606604400000.0,17759.54,17805.84,17662.9,17717.94,741.3474812314817
79,1606608000000.0,17717.9,17761.41,17530.36,17647.49,1207.163068157385
80,1606611600000.0,17647.5,17664.06,17520.76,17584.51,786.402838582317
81,1606615200000.0,17584.51,17749.25,17542.79,17742.26,727.6836034364827
82,1606618800000.0,17742.25,17882.73,17726.6,17868.94,1050.3229025717387
83,1606622400000.0,17868.04,17868.65,17758.21,17761.84,932.8783436437519
84,1606626000000.0,17761.84,17839.4,17749.11,17790.11,573.9968606377083
85,1606629600000.0,17790.12,17793.5,17707.02,17729.43,628.2620948881101
86,1606633200000.0,17729.42,17849.25,17670.26,17820.93,838.6864653963654
87,1606636800000.0,17818.38,18148.0,17803.62,18145.0,2511.9957416373372
88,1606640400000.0,18144.99,18209.36,18052.25,18104.61,1309.7220024528021
89,1606644000000.0,18104.61,18223.44,18040.45,18190.01,1307.9634823233355
90,1606647600000.0,18190.0,18244.5,18004.01,18089.53,2034.8683151450246
91,1606651200000.0,18089.52,18130.0,17920.0,18032.28,1336.8381559201139
92,1606654800000.0,18032.28,18123.82,18008.05,18095.53,1311.2935445818719
93,1606658400000.0,18095.84,18193.82,18027.47,18038.67,821.8264600903796
94,1606662000000.0,18038.67,18142.84,17963.85,18116.34,1004.5099534828913
95,1606665600000.0,18116.35,18155.88,17930.0,18091.77,1465.2181136096835
96,1606669200000.0,18091.77,18140.0,18050.11,18094.75,740.0065506110353
97,1606672800000.0,18094.75,18128.0,18044.18,18119.66,415.3504098364826
98,1606676400000.0,18119.75,18128.42,18010.62,18042.09,377.6102997453659
99,1606680000000.0,18042.09,18220.0,18028.24,18207.53,996.8997888488465
100,1606683600000.0,18205.96,18342.46,18204.27,18254.91,1075.5121804118858
101,1606687200000.0,18256.01,18265.05,18062.84,18135.69,933.8232918924564
102,1606690800000.0,18135.69,18229.99,18114.42,18184.04,795.3532455783787
103,1606694400000.0,18184.04,18476.06,18184.04,18430.76,2566.9586670928265
104,1606698000000.0,18429.35,18550.0,18348.68,18482.63,1433.9888310442338
105,1606701600000.0,18483.21,18545.16,18432.34,18504.88,965.2189319232831
106,1606705200000.0,18507.18,18585.83,18430.28,18579.85,1475.8999213635964
107,1606708800000.0,18583.18,18619.19,18452.77,18521.83,1183.7828128717358
108,1606712400000.0,18520.28,18625.94,18478.95,18521.92,1095.322488162785
109,1606716000000.0,18521.92,18562.11,18479.06,18516.68,877.9173547933856
110,1606719600000.0,18519.17,18680.0,18511.49,18622.11,1490.964640661944
111,1606723200000.0,18622.21,18624.11,18379.75,18462.53,2239.6419947149575
112,1606726800000.0,18462.49,18509.63,18340.52,18477.88,1707.1220050751842
113,1606730400000.0,18477.84,18588.0,18448.73,18502.43,1384.858233937117
114,1606734000000.0,18502.43,18665.96,18502.43,18602.93,1508.7017012789358
115,1606737600000.0,18602.93,18840.0,18602.42,18835.69,2355.075551159759
116,1606741200000.0,18835.69,19210.0,18736.0,19152.13,4166.121784657794
117,1606744800000.0,19152.13,19776.0,19141.3,19477.53,7378.606724458454
118,1606748400000.0,19477.56,19850.0,19155.0,19306.92,6892.758171206948
119,1606752000000.0,19307.56,19600.04,19133.0,19209.29,4400.1526846183115
120,1606755600000.0,19207.17,19472.88,19027.21,19395.98,2287.6172520053324
121,1606759200000.0,19393.73,19469.0,19156.93,19177.29,1237.7254276144515
122,1606762800000.0,19176.88,19318.34,19100.0,19256.69,1115.501322599079
123,1606766400000.0,19256.79,19490.0,19169.95,19437.21,934.3302702283668
124,1606770000000.0,19437.21,19528.15,19326.03,19380.16,840.7002541041905
125,1606773600000.0,19379.96,19506.64,19248.2,19506.42,734.3220603352587
126,1606777200000.0,19506.41,19750.0,19450.0,19696.9,1823.6087801935832
127,1606780800000.0,19695.92,19715.27,19482.36,19563.72,1625.108815707238
128,1606784400000.0,19563.5,19649.28,19441.12,19600.32,1178.2975650916906
129,1606788000000.0,19603.17,19705.64,19548.57,19683.46,1198.6087107719136
130,1606791600000.0,19683.43,19683.72,19331.0,19424.99,1385.7623567540084
131,1606795200000.0,19421.15,19527.24,19350.0,19357.0,1377.1741867851242
132,1606798800000.0,19354.2,19500.0,19293.18,19482.8,1092.417690872451
133,1606802400000.0,19482.81,19515.0,19320.0,19340.56,948.3701348070257
134,1606806000000.0,19339.6,19545.27,19306.73,19516.47,1269.273301677724
135,1606809600000.0,19515.68,19566.43,19441.63,19463.4,1137.691117384658
136,1606813200000.0,19463.39,19572.81,19402.31,19566.03,795.2827887356423
137,1606816800000.0,19566.02,19800.0,19563.97,19739.07,2347.2429507677766
138,1606820400000.0,19739.06,19888.0,18914.59,19421.66,5609.587165758832
139,1606824000000.0,19425.41,19475.79,18395.43,18566.67,8032.010130077165
140,1606827600000.0,18566.67,18839.68,18080.0,18762.07,5879.874036413827
141,1606831200000.0,18762.07,19360.94,18656.75,19289.56,2789.767543127813
142,1606834800000.0,19289.57,19488.0,19175.0,19265.5,2381.1670268283765
143,1606838400000.0,19265.25,19324.9,18938.0,19058.6,2000.995858040985
144,1606842000000.0,19058.59,19087.81,18612.14,19061.09,2149.6474316990543
145,1606845600000.0,19061.09,19068.48,18695.11,18742.25,1223.3800869134009
146,1606849200000.0,18742.25,19136.08,18724.08,19075.19,1096.0510305569687
147,1606852800000.0,19073.01,19150.0,18870.0,19020.07,770.0824908748283
148,1606856400000.0,19020.07,19214.26,18940.22,19039.79,990.5324039768332
149,1606860000000.0,19039.8,19159.08,18850.0,18891.85,1112.0207810521747
150,1606863600000.0,18891.85,18941.36,18707.81,18767.16,1340.8768723130922
151,1606867200000.0,18765.9,18877.04,18437.91,18834.04,1848.030683349708
152,1606870800000.0,18834.04,18971.15,18704.36,18854.75,826.8592841339788
153,1606874400000.0,18854.76,18856.69,18653.8,18679.65,830.0239782570559
154,1606878000000.0,18679.66,18791.82,18509.6,18617.93,1177.8126687925576
155,1606881600000.0,18618.05,18700.0,18324.5,18548.17,2165.701992314642
156,1606885200000.0,18548.17,18656.07,18467.97,18651.82,1075.4751241059541
157,1606888800000.0,18651.82,18938.81,18634.55,18921.93,1841.3497225884018
158,1606892400000.0,18921.94,19133.0,18835.21,19124.03,1448.7164853558331
159,1606896000000.0,19124.03,19344.4,19057.8,19195.11,2379.6837402159667
160,1606899600000.0,19195.11,19322.06,19019.0,19034.75,1599.5663889961004
161,1606903200000.0,19033.54,19196.96,18983.98,19100.45,1381.0314505861386
162,1606906800000.0,19100.45,19196.76,19021.64,19123.0,1056.2386386529022
163,1606910400000.0,19122.99,19126.32,18795.36,18941.11,1885.9532484710846
164,1606914000000.0,18943.89,19252.2,18920.0,19126.5,1627.7393133068867
165,1606917600000.0,19126.2,19180.0,18837.49,18910.25,2023.504591360236
166,1606921200000.0,18910.24,18990.28,18724.25,18891.06,1655.2289621619375
167,1606924800000.0,18891.07,19015.03,18766.16,18856.12,1480.8898072381646
168,1606928400000.0,18856.11,18998.82,18811.77,18974.01,665.8288671134366
169,1606932000000.0,18974.0,19065.0,18941.33,19010.55,606.1951877943453
170,1606935600000.0,19009.33,19131.53,18965.37,19100.38,603.699397077421
171,1606939200000.0,19100.38,19153.0,19050.0,19084.94,541.6539318808736
172,1606942800000.0,19087.72,19169.85,19048.65,19145.16,392.4945121568136
173,1606946400000.0,19145.45,19235.19,19095.09,19117.07,527.9049901025717
174,1606950000000.0,19112.16,19266.0,19093.0,19202.78,687.1627416940363
175,1606953600000.0,19201.74,19293.58,19156.46,19179.09,624.3620176388463
176,1606957200000.0,19179.09,19183.68,18941.85,19014.98,963.7472913561139
177,1606960800000.0,19014.98,19091.06,18944.77,19041.44,735.1095922673873
178,1606964400000.0,19040.02,19181.46,19011.79,19087.01,914.5370691432593
179,1606968000000.0,19087.0,19121.39,19022.0,19038.35,573.0113654934968
180,1606971600000.0,19038.35,19111.26,18866.78,18919.94,1049.326165175141
181,1606975200000.0,18919.95,19013.55,18879.0,18969.8,680.5837245054868
182,1606978800000.0,18970.42,19250.97,18909.07,19209.61,1601.7151839238998
183,1606982400000.0,19210.45,19464.06,19167.92,19381.6,2905.0062472882923
184,1606986000000.0,19382.62,19420.0,19100.0,19363.62,2187.0719645954023
185,1606989600000.0,19364.41,19427.89,19237.77,19354.5,1034.5047553975724
186,1606993200000.0,19354.23,19443.66,19289.46,19396.87,1017.0159500733326
187,1606996800000.0,19393.44,19423.0,19210.0,19319.95,986.145625897904
188,1607000400000.0,19319.96,19369.0,19250.0,19281.79,615.6986569609152
189,1607004000000.0,19279.87,19395.19,19272.62,19346.79,695.1903884116659
190,1607007600000.0,19346.94,19535.36,19302.27,19533.84,1146.689610360948
191,1607011200000.0,19533.83,19610.0,19250.0,19356.54,2290.380245765169
192,1607014800000.0,19356.55,19385.13,19190.0,19297.44,884.89278355938
193,1607018400000.0,19297.45,19398.0,19295.11,19369.39,373.2611745312711
194,1607022000000.0,19370.48,19423.86,19330.16,19415.51,389.246492228939
195,1607025600000.0,19414.72,19435.0,19303.31,19369.53,440.53990790673936
196,1607029200000.0,19369.52,19455.0,19328.48,19438.31,431.763970929041
197,1607032800000.0,19438.31,19473.37,19403.05,19461.42,334.3255691523617
198,1607036400000.0,19461.43,19543.43,19406.32,19420.63,702.0163227622899
199,1607040000000.0,19420.62,19525.66,19378.86,19456.95,552.818871258899
200,1607043600000.0,19458.99,19487.32,19309.52,19323.05,621.9584601075301
201,1607047200000.0,19321.48,19371.95,19250.0,19254.34,775.8337178299108
202,1607050800000.0,19254.35,19322.26,19130.43,19162.51,987.729951816354
203,1607054400000.0,19160.94,19320.0,19125.24,19289.69,722.5673342712353
204,1607058000000.0,19289.69,19313.17,19190.33,19195.0,682.7843291045169
205,1607061600000.0,19195.0,19360.0,19191.84,19314.0,865.6864377989947
206,1607065200000.0,19313.99,19333.0,19237.61,19284.0,1372.4714103471767
207,1607068800000.0,19284.0,19444.44,19280.12,19392.54,1632.0451902276002
208,1607072400000.0,19392.54,19410.01,19315.72,19353.52,938.9537007589339
209,1607076000000.0,19353.52,19358.06,18872.03,18979.99,4290.212763962955
210,1607079600000.0,18978.15,19074.48,18775.0,18835.46,2112.6958508269922
211,1607083200000.0,18835.47,19030.0,18681.44,19023.61,3076.0532536228984
212,1607086800000.0,19023.6,19029.14,18913.63,19003.02,885.9231707247636
213,1607090400000.0,19003.03,19146.44,18917.17,19045.33,1322.7666373359268
214,1607094000000.0,19045.93,19070.99,18937.71,18945.51,951.815300341945
215,1607097600000.0,18945.51,18989.39,18810.0,18977.98,1714.1825395028952
216,1607101200000.0,18976.75,19025.49,18929.2,18969.0,731.1848684323545
217,1607104800000.0,18969.0,19077.22,18929.48,19053.73,775.3189218262941
218,1607108400000.0,19053.74,19064.17,18996.54,19039.75,479.2744739330625
219,1607112000000.0,19039.75,19046.14,18876.68,18965.71,659.8456246251982
220,1607115600000.0,18965.72,18993.15,18731.0,18809.84,1043.7144443826385
221,1607119200000.0,18811.42,18873.88,18559.85,18667.14,1307.6981852781037
222,1607122800000.0,18664.54,18838.88,18602.1,18650.53,1554.8335140959566
223,1607126400000.0,18652.03,18790.07,18503.0,18767.49,1814.5477233202892
224,1607130000000.0,18767.49,18815.64,18635.55,18645.78,879.346115741695
225,1607133600000.0,18646.4,18847.01,18641.05,18793.39,946.7569795394221
226,1607137200000.0,18793.01,18879.91,18741.85,18820.11,828.0062234112813
227,1607140800000.0,18820.9,18932.18,18802.4,18861.47,910.2378090696009
228,1607144400000.0,18861.47,18970.0,18841.82,18955.34,1029.5724800244961
229,1607148000000.0,18955.34,18986.92,18905.44,18963.8,871.0672732388072
230,1607151600000.0,18962.48,18986.0,18901.0,18911.15,629.3499013269139
231,1607155200000.0,18912.66,19179.21,18912.66,19149.88,1501.6276691142969
232,1607158800000.0,19149.89,19166.83,19061.0,19109.25,708.7311998630679
233,1607162400000.0,19109.25,19140.58,19036.43,19115.58,671.8772204209179
234,1607166000000.0,19115.56,19127.04,18964.47,19014.43,981.8912934629261
235,1607169600000.0,19012.98,19076.81,18966.79,19059.34,680.2099413387418
236,1607173200000.0,19061.15,19069.1,18944.68,18982.33,632.4129225022989
237,1607176800000.0,18981.9,19083.99,18963.21,19074.99,693.3530061156325
238,1607180400000.0,19074.99,19148.0,19049.04,19107.67,795.3551069549104
239,1607184000000.0,19107.68,19149.9,19045.31,19095.0,752.3096351203586
240,1607187600000.0,19095.81,19122.71,19024.35,19122.7,442.15499273967487
241,1607191200000.0,19122.71,19141.89,19086.72,19114.76,500.29726788571423
242,1607194800000.0,19114.46,19173.84,19075.61,19117.08,545.795567644133
243,1607198400000.0,19117.07,19136.99,19006.76,19055.98,458.6547540884665
244,1607202000000.0,19055.98,19109.49,19001.0,19005.0,459.77771657384994
245,1607205600000.0,19008.1,19052.0,18980.97,19023.01,293.7040217283978
246,1607209200000.0,19023.02,19158.38,19018.09,19151.5,485.74767471090354
247,1607212800000.0,19151.41,19278.42,19134.46,19269.27,1428.1797038603938
248,1607216400000.0,19269.27,19350.01,19227.23,19264.78,1197.0783905948902
249,1607220000000.0,19264.78,19288.0,19210.0,19231.58,578.7283504930039
250,1607223600000.0,19231.66,19244.72,19140.21,19183.08,658.6321138991025
251,1607227200000.0,19180.09,19229.44,19154.4,19184.68,405.7309106038047
252,1607230800000.0,19184.68,19217.01,19104.01,19150.78,549.9473299301918
253,1607234400000.0,19150.42,19220.0,19131.72,19183.94,417.9228233746592
254,1607238000000.0,19183.93,19257.33,19171.76,19229.69,301.20142567687674
255,1607241600000.0,19229.91,19249.99,19003.87,19018.15,715.7478415123605
256,1607245200000.0,19016.87,19080.0,18950.0,19040.01,1202.9851358321255
257,1607248800000.0,19040.0,19059.21,18955.72,19037.21,464.38114083610304
258,1607252400000.0,19037.22,19100.0,18959.99,19090.75,411.04911493404677
259,1607256000000.0,19089.68,19089.68,18960.0,18981.31,329.4687553176895
260,1607259600000.0,18980.8,19022.04,18852.14,18947.56,1068.5122540784846
261,1607263200000.0,18947.55,19128.0,18929.57,19118.72,1224.5073261216562
262,1607266800000.0,19118.72,19156.43,19105.08,19126.33,646.4066719662073
263,1607270400000.0,19126.79,19212.08,19018.69,19106.0,1037.3509824693028
264,1607274000000.0,19106.32,19178.55,19067.23,19129.31,321.2526371066044
265,1607277600000.0,19128.68,19172.36,19096.51,19105.8,236.9161682828729
266,1607281200000.0,19107.27,19152.62,19060.0,19127.69,558.1152857918833
267,1607284800000.0,19127.7,19180.2,19120.78,19164.01,331.23464096929246
268,1607288400000.0,19164.0,19239.0,19117.84,19237.53,737.7191222833418
269,1607292000000.0,19237.54,19250.0,19050.0,19128.06,681.6825061892769
270,1607295600000.0,19126.9,19424.68,19126.9,19360.01,1943.4487638081391
271,1607299200000.0,19361.43,19422.02,19289.51,19319.86,1021.18480203058
272,1607302800000.0,19318.28,19347.9,19216.66,19294.37,805.5909379747707
273,1607306400000.0,19294.38,19306.98,19170.31,19199.3,575.2034688261343
274,1607310000000.0,19199.3,19285.73,19158.04,19278.72,606.2047961251449
275,1607313600000.0,19278.08,19303.49,19231.4,19282.43,635.349732018701
276,1607317200000.0,19282.43,19298.9,19237.5,19245.04,494.67620657395156
277,1607320800000.0,19245.04,19353.14,19234.39,19303.61,688.8214554329791
278,1607324400000.0,19303.6,19395.0,19293.3,19369.0,735.1204767501672
279,1607328000000.0,19369.08,19385.0,19205.0,19250.78,1211.5308519424518
280,1607331600000.0,19250.77,19254.5,19175.51,19209.28,871.2827564584268
281,1607335200000.0,19209.27,19252.62,19160.11,19183.32,935.8174612660468
282,1607338800000.0,19183.31,19233.75,19087.65,19101.53,1098.8106089825956
283,1607342400000.0,19101.52,19237.5,19090.0,19237.5,931.2179153986852
284,1607346000000.0,19237.5,19255.51,19180.85,19188.0,705.3497692939285
285,1607349600000.0,19188.0,19232.51,19100.0,19195.14,1097.9668434742662
286,1607353200000.0,19195.14,19255.51,19164.48,19213.0,794.9967603455526
287,1607356800000.0,19213.0,19243.2,19172.0,19189.01,1008.3228138208523
288,1607360400000.0,19189.93,19208.0,19136.95,19155.54,751.294086638433
289,1607364000000.0,19155.54,19189.75,18900.0,18930.7,3724.8173969344402
290,1607367600000.0,18930.69,19022.58,18907.78,18957.83,1613.284673021045
291,1607371200000.0,18957.23,19050.0,18932.49,19045.49,650.5716008142524
292,1607374800000.0,19045.5,19113.01,19007.99,19075.21,497.0870998031495
293,1607378400000.0,19075.91,19115.69,19062.9,19113.76,273.7391384705468
294,1607382000000.0,19113.76,19219.98,19074.27,19170.63,848.7166178972902
295,1607385600000.0,19170.63,19231.8,19134.64,19231.79,532.3149603649255
296,1607389200000.0,19231.8,19237.96,19148.92,19210.74,610.9156335229749
297,1607392800000.0,19210.73,19215.09,19144.77,19179.08,599.0463975468582
298,1607396400000.0,19179.08,19196.4,19136.88,19156.12,822.6691382915094
299,1607400000000.0,19156.12,19216.16,19156.12,19178.41,639.9013222395458
300,1607403600000.0,19178.4,19300.0,19178.4,19299.99,793.9569380821497
301,1607407200000.0,19300.0,19300.0,19092.0,19159.86,1248.3768640607052
302,1607410800000.0,19159.87,19195.58,19125.91,19143.33,735.9974922784035
303,1607414400000.0,19143.32,19169.07,19011.17,19067.46,1099.8047852891118
304,1607418000000.0,19069.15,19098.52,18678.27,18789.0,3673.6337327832916
305,1607421600000.0,18789.0,18880.33,18691.19,18814.55,1460.300733246055
306,1607425200000.0,18815.0,18864.96,18726.69,18761.9,1261.1059875777635
307,1607428800000.0,18761.9,18859.99,18606.0,18722.21,2286.5806758353906
308,1607432400000.0,18722.2,18943.1,18722.2,18926.43,1676.6316150463429
309,1607436000000.0,18926.44,18975.0,18862.77,18867.33,973.6678579748669
310,1607439600000.0,18867.32,18914.97,18782.03,18806.82,930.4621026548244
311,1607443200000.0,18806.83,18918.01,18748.26,18832.06,1808.765923271036
312,1607446800000.0,18832.07,18941.43,18818.86,18927.74,754.9068606451646
313,1607450400000.0,18927.75,18932.11,18824.62,18831.0,759.1877908862849
314,1607454000000.0,18831.0,18895.59,18789.22,18799.23,564.751319239981
315,1607457600000.0,18799.24,18849.25,18688.0,18744.58,1337.922925789795
316,1607461200000.0,18744.58,18835.53,18692.92,18779.95,747.8768416547401
317,1607464800000.0,18777.54,18839.86,18345.0,18345.0,2491.927992423826
318,1607468400000.0,18344.01,18445.0,18181.45,18323.74,4169.794098826677
319,1607472000000.0,18323.73,18383.81,18152.52,18181.14,2490.4665352595016
320,1607475600000.0,18181.14,18328.51,18033.0,18217.22,3047.798326842249
321,1607479200000.0,18218.14,18326.69,18150.0,18282.7,1334.108605915497
322,1607482800000.0,18282.7,18310.92,18223.0,18299.25,799.5626453980767
323,1607486400000.0,18298.98,18305.53,18133.31,18166.28,1013.5798356601027
324,1607490000000.0,18164.4,18247.46,18063.31,18212.07,1874.1911335200748
325,1607493600000.0,18212.61,18279.07,18156.78,18216.99,1273.4415888406793
326,1607497200000.0,18217.0,18246.21,17873.88,17929.96,3209.1042761843255
327,1607500800000.0,17929.59,18049.83,17650.15,17952.85,5306.819702204997
328,1607504400000.0,17954.7,18103.94,17916.42,18040.14,2317.6774493527246
329,1607508000000.0,18040.79,18245.18,17978.7,18230.0,1895.38472230722
330,1607511600000.0,18230.0,18375.27,18179.51,18243.0,2108.0255201061823
331,1607515200000.0,18242.99,18362.28,18210.19,18229.54,1066.7040216649264
332,1607518800000.0,18229.54,18483.89,18168.05,18480.0,2095.6267311482115
333,1607522400000.0,18479.99,18520.58,18422.79,18448.88,1315.5349897840342
334,1607526000000.0,18448.01,18467.96,18291.17,18347.36,1011.9762044048896
335,1607529600000.0,18347.37,18389.06,18252.24,18388.99,1141.897211196442
336,1607533200000.0,18389.0,18436.8,18293.03,18304.34,797.7381229303639
337,1607536800000.0,18306.53,18345.0,18161.67,18195.17,929.1927656343033
338,1607540400000.0,18194.09,18287.74,18194.09,18254.05,789.7732200711771
339,1607544000000.0,18255.78,18378.95,18211.11,18337.34,1051.176495577184
340,1607547600000.0,18337.34,18550.22,18322.11,18515.79,1129.6589102063228
341,1607551200000.0,18515.78,18609.3,18488.23,18552.52,952.4539273886568
342,1607554800000.0,18552.52,18637.41,18526.34,18537.8,819.6338399740631
343,1607558400000.0,18539.48,18554.81,18418.98,18436.24,827.8072015150565
344,1607562000000.0,18436.24,18501.73,18320.0,18432.26,1129.3354294548358
345,1607565600000.0,18432.28,18486.84,18355.0,18388.33,799.217658419308
346,1607569200000.0,18388.61,18476.86,18352.02,18408.88,724.455549790209
347,1607572800000.0,18408.88,18494.19,18387.27,18415.26,682.4859346151235
348,1607576400000.0,18415.25,18420.0,18290.0,18374.65,994.821178183551
349,1607580000000.0,18375.0,18439.98,18284.28,18298.51,1226.6786407170794
350,1607583600000.0,18299.9,18387.7,18291.39,18337.51,625.0871467647164
351,1607587200000.0,18337.51,18470.0,18321.8,18432.81,1025.2885329529377
352,1607590800000.0,18432.82,18480.98,18207.73,18235.92,1686.6986831825645
353,1607594400000.0,18235.92,18280.0,18118.99,18146.1,1791.7645161751054
354,1607598000000.0,18146.09,18255.95,18118.99,18190.51,966.8950149814082
355,1607601600000.0,18190.51,18288.0,18166.03,18213.62,873.448832093812
356,1607605200000.0,18213.62,18249.86,18047.23,18232.31,2140.5998671823636
357,1607608800000.0,18232.32,18249.91,18041.77,18082.49,1625.6953559812541
358,1607612400000.0,18082.5,18156.34,17911.0,18134.91,2327.235977761007
359,1607616000000.0,18133.38,18225.0,18092.96,18176.12,1511.1406815094692
360,1607619600000.0,18176.12,18217.46,18079.62,18209.84,861.4348301273319
361,1607623200000.0,18212.98,18318.53,18193.28,18274.34,1250.554257160328
362,1607626800000.0,18274.33,18406.56,18224.08,18403.6,978.5163814736183
363,1607630400000.0,18403.61,18436.38,18341.3,18364.33,694.035086798822
364,1607634000000.0,18364.33,18406.19,18312.26,18351.21,508.9415577777129
365,1607637600000.0,18351.21,18400.0,18300.81,18327.28,306.1026076927428
366,1607641200000.0,18327.28,18380.0,18222.02,18254.42,895.2436390013493
367,1607644800000.0,18254.43,18294.56,17946.91,18016.25,1701.7621439290422
368,1607648400000.0,18016.25,18071.27,17800.0,17900.01,2577.5356591031637
369,1607652000000.0,17901.52,18040.0,17800.0,17808.12,1586.3637825130177
370,1607655600000.0,17808.11,17995.67,17715.5,17992.94,2001.937684135183
371,1607659200000.0,17992.93,18045.92,17928.07,17962.66,939.4982227912543
372,1607662800000.0,17961.66,18020.0,17832.81,17897.83,919.7801105519703
373,1607666400000.0,17897.83,17968.9,17815.58,17922.19,1007.2522630126895
374,1607670000000.0,17922.19,17945.4,17700.68,17814.95,2337.161527217459
375,1607673600000.0,17811.85,17998.42,17811.85,17897.91,2582.5616389098477
376,1607677200000.0,17899.19,17906.94,17705.0,17801.0,1793.0517926452123
377,1607680800000.0,17801.0,17868.0,17571.51,17756.81,2940.429516635845
378,1607684400000.0,17756.8,17796.3,17600.0,17649.13,2061.9901666601313
379,1607688000000.0,17649.12,17914.95,17619.01,17863.9,2361.5406272108753
380,1607691600000.0,17863.9,17988.88,17830.3,17971.1,1880.9610534923547
381,1607695200000.0,17971.09,18075.0,17900.81,18062.6,1996.5934349847037
382,1607698800000.0,18061.37,18133.0,18026.84,18106.72,1628.1110743998295
383,1607702400000.0,18104.71,18112.71,17947.86,17978.9,1191.3749273079857
384,1607706000000.0,17978.88,18012.61,17872.41,17993.8,1321.4982238679193
385,1607709600000.0,17995.97,18045.07,17939.9,18038.34,630.007157119734
386,1607713200000.0,18038.35,18095.0,17960.63,17976.21,639.7862052127681
387,1607716800000.0,17976.21,18060.0,17923.16,17979.56,736.4824711280904
388,1607720400000.0,17979.79,18126.17,17950.0,18099.85,562.4965022387701
389,1607724000000.0,18099.84,18177.99,18064.52,18127.68,542.3523860776604
390,1607727600000.0,18127.68,18145.92,18015.55,18037.95,586.1068573176535
391,1607731200000.0,18037.95,18368.69,18021.59,18342.01,1896.9248600754315
392,1607734800000.0,18342.02,18375.24,18271.18,18284.71,1257.7036616272558
393,1607738400000.0,18283.41,18350.0,18278.4,18319.01,788.6383296186133
394,1607742000000.0,18321.13,18337.49,18269.62,18283.47,779.3754293076441
395,1607745600000.0,18283.47,18390.0,18260.6,18368.41,872.7947542331268
396,1607749200000.0,18370.24,18397.47,18310.7,18317.51,586.1335617820381
397,1607752800000.0,18315.76,18365.19,18275.0,18315.55,598.1885802092012
398,1607756400000.0,18317.44,18408.45,18299.47,18382.89,592.28421242409
399,1607760000000.0,18382.88,18458.0,18330.67,18379.87,1349.1885207728353
400,1607763600000.0,18379.87,18477.21,18346.17,18432.18,912.9145619860282
401,1607767200000.0,18432.18,18457.63,18372.08,18383.71,550.3932239714132
402,1607770800000.0,18383.7,18512.91,18366.69,18507.41,1109.0413161117024
403,1607774400000.0,18507.41,18525.3,18425.01,18443.02,855.016643411124
404,1607778000000.0,18443.24,18446.9,18390.38,18400.01,427.8230409942114
405,1607781600000.0,18400.01,18475.43,18320.0,18373.68,1035.5255949776736
406,1607785200000.0,18372.76,18438.28,18318.44,18401.98,641.9800791901041
407,1607788800000.0,18401.98,18447.6,18366.25,18397.87,715.5877813274936
408,1607792400000.0,18398.17,18515.72,18376.96,18485.39,542.5727630995261
409,1607796000000.0,18485.4,18739.0,18485.4,18690.31,2218.9428493717783
410,1607799600000.0,18689.59,18847.61,18689.59,18804.47,1326.7147902454403
411,1607803200000.0,18804.47,18839.47,18745.83,18770.0,514.7414722566099
412,1607806800000.0,18769.99,18835.69,18733.95,18784.3,561.0928994379939
413,1607810400000.0,18783.3,18945.0,18755.12,18868.76,999.8978189375528
414,1607814000000.0,18868.77,18879.71,18774.9,18804.0,688.5146354923531
415,1607817600000.0,18803.99,18865.78,18712.03,18747.58,846.7980716809581
416,1607821200000.0,18745.72,18804.91,18712.7,18794.21,621.3197071559013
417,1607824800000.0,18791.49,18828.0,18750.0,18813.0,675.1911798933256
418,1607828400000.0,18810.54,18832.36,18760.99,18784.11,542.8086674690867
419,1607832000000.0,18787.57,18883.3,18769.27,18852.89,927.2021246363898
420,1607835600000.0,18854.41,18934.0,18831.91,18851.31,1202.607381783351
421,1607839200000.0,18851.32,18990.0,18849.04,18974.88,866.6029598196066
422,1607842800000.0,18976.27,19287.91,18976.26,19245.22,3650.430602549031
423,1607846400000.0,19247.22,19316.0,19181.72,19241.53,2370.4837145680817
424,1607850000000.0,19241.53,19307.98,19200.0,19266.88,1746.307073479373
425,1607853600000.0,19266.88,19380.95,19259.98,19279.98,2339.118358602628
426,1607857200000.0,19279.99,19350.0,19219.48,19317.94,1015.0905025333659
427,1607860800000.0,19317.94,19412.49,19270.0,19351.42,2790.741742851344
428,1607864400000.0,19351.42,19419.0,19290.51,19319.75,1221.1363993338723
429,1607868000000.0,19319.75,19370.0,19288.0,19297.01,1015.3363721474491
430,1607871600000.0,19297.01,19335.55,19089.09,19215.36,1737.1497262953965
431,1607875200000.0,19215.35,19392.19,19209.15,19333.99,2367.7928238782797
432,1607878800000.0,19333.99,19340.0,19194.65,19274.44,1054.5068350948152
433,1607882400000.0,19274.44,19274.44,19175.49,19187.76,471.8078782182525
434,1607886000000.0,19187.76,19237.12,19162.0,19196.21,556.1155990059333
435,1607889600000.0,19196.21,19196.21,19111.4,19155.81,615.4237969423507
436,1607893200000.0,19155.26,19223.85,19150.4,19187.77,241.76707448067955
437,1607896800000.0,19187.77,19190.73,18986.65,19113.99,752.856717942312
438,1607900400000.0,19112.1,19224.52,19091.66,19171.65,614.3912009405695
439,1607904000000.0,19171.74,19171.75,19000.0,19058.95,654.2047330019004
440,1607907600000.0,19058.95,19111.37,19021.81,19085.83,696.3181779557094
441,1607911200000.0,19085.82,19313.33,19056.28,19299.26,1140.240899099506
442,1607914800000.0,19300.86,19339.4,19230.16,19259.25,1126.949623745216
443,1607918400000.0,19260.58,19283.78,19057.97,19125.16,1362.8088130449974
444,1607922000000.0,19125.36,19128.82,19033.52,19086.13,635.2438573772627
445,1607925600000.0,19086.14,19208.59,19084.7,19208.59,774.7680913588289
446,1607929200000.0,19208.66,19213.06,19103.3,19154.53,715.1720708087183
447,1607932800000.0,19157.49,19245.08,19140.84,19226.33,853.3936837172695
448,1607936400000.0,19226.34,19259.99,19123.45,19181.64,784.0023187378403
449,1607940000000.0,19181.64,19212.0,19055.0,19090.13,875.4503148103549
450,1607943600000.0,19090.12,19143.77,19052.05,19107.01,1162.1003661693387
451,1607947200000.0,19107.01,19144.48,19035.0,19115.55,839.1564712054417
452,1607950800000.0,19115.26,19196.16,19063.5,19181.47,1090.085687072701
453,1607954400000.0,19181.47,19225.0,19089.47,19220.08,1040.3717016758474
454,1607958000000.0,19219.72,19300.0,19175.51,19198.7,1287.2118751775972
455,1607961600000.0,19198.23,19232.96,19114.55,19148.87,865.3401488180104
456,1607965200000.0,19148.88,19167.61,19111.56,19137.89,441.85571939987534
457,1607968800000.0,19137.89,19233.7,19137.89,19233.7,807.4551799730292
458,1607972400000.0,19233.69,19233.7,19161.55,19173.82,437.08754430004296
459,1607976000000.0,19173.83,19216.0,19126.55,19208.71,421.65796348046246
460,1607979600000.0,19208.72,19220.0,19151.2,19192.75,391.38172817354854
461,1607983200000.0,19193.44,19298.0,19185.92,19289.87,387.88242416953693
462,1607986800000.0,19289.84,19350.0,19231.76,19272.08,817.3444923424697
463,1607990400000.0,19272.08,19398.0,19248.24,19396.49,973.6544129463281
464,1607994000000.0,19396.54,19478.76,19321.4,19459.59,1526.897048760342
465,1607997600000.0,19459.59,19570.0,19447.59,19459.17,2434.4920616075947
466,1608001200000.0,19459.18,19506.63,19412.03,19478.39,965.0769245504464
467,1608004800000.0,19476.56,19493.35,19158.92,19176.45,1771.7395672181813
468,1608008400000.0,19176.45,19249.65,19050.0,19132.63,1789.9240601367085
469,1608012000000.0,19133.17,19214.12,19100.01,19185.75,968.8249027817903
470,1608015600000.0,19184.81,19227.66,19146.23,19198.42,608.3610903170795
471,1608019200000.0,19197.54,19222.38,19104.06,19134.68,714.1412047621188
472,1608022800000.0,19134.67,19209.51,19071.51,19184.55,1035.914026406433
473,1608026400000.0,19184.55,19350.0,19118.49,19310.13,1488.4754155419896
474,1608030000000.0,19310.12,19332.99,19241.01,19289.93,1114.789662340052
475,1608033600000.0,19289.93,19380.57,19253.51,19288.88,1200.2405355188664
476,1608037200000.0,19286.76,19346.19,19261.79,19346.19,663.4665227132806
477,1608040800000.0,19346.19,19437.2,19257.74,19336.39,2155.7325161509834
478,1608044400000.0,19336.39,19433.34,19336.38,19406.28,845.8363581583399
479,1608048000000.0,19406.29,19437.08,19330.0,19360.39,898.7599985443165
480,1608051600000.0,19359.56,19434.62,19350.68,19401.57,444.96838850321916
481,1608055200000.0,19400.66,19543.0,19394.89,19528.74,915.1735067974855
482,1608058800000.0,19528.75,19544.0,19463.8,19532.12,654.4805186164766
483,1608062400000.0,19532.13,19545.78,19465.72,19492.29,461.41492826941044
484,1608066000000.0,19492.29,19509.0,19345.0,19418.3,1024.540504785277
485,1608069600000.0,19418.3,19485.98,19380.0,19456.54,305.45958884095666
486,1608073200000.0,19456.54,19466.74,19350.0,19424.3,557.506729081407
487,1608076800000.0,19424.29,19460.07,19280.0,19362.64,975.5809515657114
488,1608080400000.0,19362.64,19418.81,19315.17,19388.33,668.4977543941003
489,1608084000000.0,19386.82,19489.0,19386.82,19443.85,796.1564694573077
490,1608087600000.0,19443.86,19456.41,19322.71,19348.44,1042.2638630862862
491,1608091200000.0,19348.43,19391.61,19304.73,19352.66,641.7684574283631
492,1608094800000.0,19355.26,19417.52,19339.23,19372.08,468.8214128058783
493,1608098400000.0,19372.09,19450.0,19345.73,19425.67,501.98825481890265
494,1608102000000.0,19425.67,19449.25,19397.65,19420.0,417.18526117164504
495,1608105600000.0,19420.0,19484.28,19373.36,19480.12,696.6152453066403
496,1608109200000.0,19480.11,19528.78,19419.98,19515.8,847.2299535111841
497,1608112800000.0,19515.79,19800.0,19497.02,19796.99,4140.9764586869
498,1608116400000.0,19796.98,19868.0,19645.56,19736.75,2232.039333622235
499,1608120000000.0,19738.0,19888.88,19688.0,19761.56,3190.145876422169
500,1608123600000.0,19761.57,20450.0,19761.56,20296.32,8052.633502068896
501,1608127200000.0,20296.33,20722.0,20190.73,20593.56,9396.881039647964
502,1608130800000.0,20593.57,20698.0,20432.3,20659.69,2991.745817953669
503,1608134400000.0,20659.69,20894.63,20634.1,20858.1,4850.376607222709
504,1608138000000.0,20858.11,20860.45,20583.37,20643.18,1689.669298554728
505,1608141600000.0,20642.43,20738.42,20550.0,20585.42,817.862760425506
506,1608145200000.0,20585.66,20767.28,20556.02,20736.04,764.2124781477934
507,1608148800000.0,20736.04,20840.0,20730.04,20803.75,812.5958556246583
508,1608152400000.0,20803.7,21303.48,20728.79,21191.56,3000.7820757499303
509,1608156000000.0,21191.56,21500.0,21163.2,21368.31,2515.3842537243
510,1608159600000.0,21366.17,21563.83,21200.0,21342.58,3039.849243570388
511,1608163200000.0,21342.58,21415.72,21232.04,21401.89,2901.3533976361105
512,1608166800000.0,21401.9,21910.0,21401.4,21726.73,6085.908799208719
513,1608170400000.0,21726.74,21998.0,21645.96,21915.36,2550.9419489420093
514,1608174000000.0,21916.72,22175.23,21710.0,21751.92,3967.7751392288546
515,1608177600000.0,21751.92,21906.57,21735.0,21785.97,1496.6510282383347
516,1608181200000.0,21785.96,22309.84,21785.1,22280.07,2440.0479925873437
517,1608184800000.0,22280.07,22377.66,22045.97,22171.99,2687.646579819054
518,1608188400000.0,22172.0,22485.0,22100.0,22474.34,1794.0794092424671
519,1608192000000.0,22477.18,22980.0,22402.05,22908.26,4735.855619446215
520,1608195600000.0,22908.26,23850.21,22275.13,22651.04,12399.672961046943
521,1608199200000.0,22649.91,22915.87,22391.14,22612.59,4688.945144735446
522,1608202800000.0,22613.08,22800.0,22524.18,22740.0,1728.5872112970885
523,1608206400000.0,22749.42,23166.0,22586.64,23131.69,2990.577339261826
524,1608210000000.0,23131.69,23329.0,22641.84,22824.58,3348.2309763165986
525,1608213600000.0,22824.58,23256.08,22721.86,23079.99,2457.1125713409033
526,1608217200000.0,23076.03,23365.2,22900.0,23329.31,2634.985092608454
527,1608220800000.0,23330.93,23666.0,23200.0,23591.39,5192.967909975787
528,1608224400000.0,23591.39,23705.83,23000.0,23009.79,2676.2411424233924
529,1608228000000.0,23009.79,23289.97,22473.81,23254.48,6465.9990300341715
530,1608231600000.0,23254.48,23498.27,22726.93,22898.58,3767.3964706755387
531,1608235200000.0,22898.58,23104.6,22321.0,22794.46,3676.2225850337604
532,1608238800000.0,22793.75,22842.37,22380.4,22785.42,1970.6492359090873
533,1608242400000.0,22785.42,23100.0,22760.1,22961.03,1000.9051158539219
534,1608246000000.0,22961.04,22999.99,22584.14,22802.16,1945.9887015563263
535,1608249600000.0,22804.61,22841.06,22464.6,22763.7,2254.757126197828
536,1608253200000.0,22762.47,23146.78,22634.72,22990.71,1830.7564084775152
537,1608256800000.0,22990.72,23250.0,22940.01,23007.18,1228.2780402258184
538,1608260400000.0,23007.17,23046.28,22764.38,22811.18,1266.450367376973
539,1608264000000.0,22810.04,22980.0,22769.62,22867.98,1104.9808696548005
540,1608267600000.0,22866.92,23030.0,22835.79,22951.19,786.8752710374321
541,1608271200000.0,22951.18,23165.0,22880.46,22989.9,1087.0656125255161
542,1608274800000.0,22989.68,23068.85,22836.27,23053.46,1376.469712151197
543,1608278400000.0,23056.28,23278.0,22942.26,23112.19,1603.819850036396
544,1608282000000.0,23112.12,23214.62,23015.16,23214.51,1091.626557529023
545,1608285600000.0,23214.75,23225.9,22931.02,22964.07,1379.4035077033434
546,1608289200000.0,22964.08,22965.57,22737.29,22888.68,1538.5843546583965
547,1608292800000.0,22888.68,23069.0,22731.56,22938.67,1391.7758447703452
548,1608296400000.0,22938.67,22948.65,22550.0,22573.66,1642.5183343943138
549,1608300000000.0,22573.66,22678.39,22414.99,22613.24,2069.8444465161765
550,1608303600000.0,22613.23,22635.7,22366.0,22553.6,1985.0499386543881
551,1608307200000.0,22553.91,22754.97,22450.0,22718.62,1944.838110751929
552,1608310800000.0,22718.62,22811.48,22674.32,22747.52,915.5010890279278
553,1608314400000.0,22749.78,22825.0,22695.49,22779.6,650.766877078443
554,1608318000000.0,22779.59,22779.6,22627.0,22759.5,532.2165583581472
555,1608321600000.0,22759.55,22791.82,22654.29,22758.01,457.4126519275916
556,1608325200000.0,22757.98,23075.88,22755.05,22882.16,1598.653155839639
557,1608328800000.0,22882.17,23029.12,22802.24,23008.23,614.0535698318546
558,1608332400000.0,23008.23,23144.62,22904.94,23107.11,976.3389022306188
559,1608336000000.0,23107.11,23168.0,22937.0,22954.74,737.3529121154883
560,1608339600000.0,22954.73,23067.92,22902.69,23044.45,703.8557638243327
561,1608343200000.0,23044.44,23227.39,23032.66,23219.98,1154.7425468952813
562,1608346800000.0,23220.6,23227.99,23100.12,23101.12,881.4164921556146
563,1608350400000.0,23101.12,23141.27,23029.55,23045.16,705.5248150162901
564,1608354000000.0,23043.23,23073.06,22906.62,22956.9,717.1953125493116
565,1608357600000.0,22959.08,23011.82,22828.0,22857.58,767.6529188034376
566,1608361200000.0,22857.57,23042.39,22833.43,22853.5,777.1119243806785
567,1608364800000.0,22853.51,22991.5,22749.8,22985.16,1431.4977091770531
568,1608368400000.0,22985.16,23046.39,22924.32,22973.03,557.9825466868297
569,1608372000000.0,22973.43,23083.91,22945.45,23016.58,651.2294651456766
570,1608375600000.0,23016.14,23061.88,22880.42,22887.11,626.852604649774
571,1608379200000.0,22887.11,23125.0,22886.62,23040.71,1110.0563179967946
572,1608382800000.0,23040.72,23188.01,22994.61,23170.52,915.3434889785665
573,1608386400000.0,23170.52,23612.0,23084.68,23289.57,3453.079134418409
574,1608390000000.0,23289.56,23650.0,23280.0,23551.1,1990.8402702390642
575,1608393600000.0,23551.07,24188.0,23474.55,23956.14,6913.6088956472795
576,1608397200000.0,23956.13,24098.0,23745.34,23886.22,2011.9422152464429
577,1608400800000.0,23886.2,23899.87,23570.0,23818.85,857.6671991449456
578,1608404400000.0,23819.48,23885.4,23657.66,23791.51,636.7060924309263
579,1608408000000.0,23789.96,23931.59,23782.79,23905.61,573.1338880874789
580,1608411600000.0,23903.28,24067.46,23785.0,23973.9,757.9855959043452
581,1608415200000.0,23973.91,24000.0,23831.83,23910.47,360.30168123050964
582,1608418800000.0,23910.46,23916.77,23723.09,23828.8,853.595012468087
583,1608422400000.0,23823.96,23837.92,23241.94,23481.17,2437.954658432469
584,1608426000000.0,23482.11,23547.96,23386.1,23490.09,753.1130570852341
585,1608429600000.0,23489.29,23537.34,23299.99,23431.04,776.5478452462988
586,1608433200000.0,23431.04,23431.05,23190.0,23348.8,873.4196345104218
587,1608436800000.0,23348.8,23456.61,23084.24,23431.78,1214.1497214683009
588,1608440400000.0,23423.93,23588.0,23399.0,23486.65,774.440031803603
589,1608444000000.0,23483.86,23614.88,23457.6,23504.01,614.3135706479519
590,1608447600000.0,23504.02,23647.89,23417.45,23628.13,802.427196480269
591,1608451200000.0,23628.12,23788.0,23537.06,23695.12,1294.8052882575753
592,1608454800000.0,23695.12,23747.29,23507.65,23593.7,1198.3449311940149
593,1608458400000.0,23593.69,23645.03,23359.19,23391.44,1525.4223899481478
594,1608462000000.0,23393.61,23615.19,23393.6,23556.24,1085.9752743329423
595,1608465600000.0,23554.29,23592.54,23334.73,23470.34,817.5124740775349
596,1608469200000.0,23470.34,23594.31,23300.0,23566.14,1478.8521667530263
597,1608472800000.0,23566.14,23678.9,23504.7,23538.91,941.2194642668144
598,1608476400000.0,23538.91,23926.66,23530.0,23873.04,1581.0302374001712
599,1608480000000.0,23873.03,23924.8,23624.62,23629.56,1310.9237469207806
600,1608483600000.0,23629.61,23808.2,23627.15,23725.43,594.4246707950776
601,1608487200000.0,23725.42,23877.6,23659.2,23864.83,715.2314430698991
602,1608490800000.0,23864.83,23995.0,23782.6,23930.35,769.7673768634581
603,1608494400000.0,23930.35,24288.0,23856.03,24166.6,2009.4584162439742
604,1608498000000.0,24167.45,24194.67,23357.89,23383.51,2856.1090218641384
605,1608501600000.0,23383.51,23618.15,23100.0,23506.22,2236.839305577559
606,1608505200000.0,23506.42,23595.8,23447.2,23465.22,585.237733452336
607,1608508800000.0,23465.22,23711.47,23300.0,23682.31,1259.0299295510154
608,1608512400000.0,23678.22,23743.46,23592.77,23664.02,817.0833057145677
609,1608516000000.0,23664.02,23887.0,23652.65,23853.52,986.0474349683668
610,1608519600000.0,23855.82,24011.89,23648.78,23943.55,1857.0738811772057
611,1608523200000.0,23943.55,24111.0,23800.0,23896.05,1508.9362387037556
612,1608526800000.0,23896.04,23978.44,23841.43,23907.96,857.9504380044951
613,1608530400000.0,23907.97,23927.3,23694.84,23922.88,910.9028815037478
614,1608534000000.0,23922.88,24029.71,23894.63,23981.34,1256.895919457869
615,1608537600000.0,23981.35,24077.87,23632.14,23659.37,1851.786704290011
616,1608541200000.0,23658.21,23735.06,23336.05,23461.45,2174.6720564937746
617,1608544800000.0,23461.45,23491.72,22437.48,22443.95,7846.072204917414
618,1608548400000.0,22443.95,22839.18,22350.0,22648.35,4240.7513424242425
619,1608552000000.0,22648.32,22663.73,21906.0,22311.96,5983.477757945898
620,1608555600000.0,22311.96,22849.4,22254.76,22807.68,3276.18093567143
621,1608559200000.0,22807.68,23204.25,22600.71,23157.11,3350.3490384366996
622,1608562800000.0,23157.11,23211.41,22914.36,23099.56,1560.773146528004
623,1608566400000.0,23101.17,23322.86,22958.44,23200.16,2339.338917194284
624,1608570000000.0,23200.16,23229.97,22640.75,22708.95,3318.422059940785
625,1608573600000.0,22708.96,22952.58,22641.79,22806.81,2599.949837423874
626,1608577200000.0,22806.81,22941.4,22692.19,22815.32,800.9668431570352
627,1608580800000.0,22819.55,22929.74,22739.34,22832.44,617.0596983162084
628,1608584400000.0,22832.43,23159.36,22766.85,23125.02,1024.7813941335412
629,1608588000000.0,23127.03,23235.95,23072.72,23169.26,679.6830554401041
630,1608591600000.0,23169.26,23229.73,22702.59,22722.81,1072.9582345556576
631,1608595200000.0,22722.81,22924.14,22500.0,22557.03,1907.3343047213339
632,1608598800000.0,22558.0,22876.14,22470.55,22752.29,1912.951065065956
633,1608602400000.0,22752.29,22958.85,22727.17,22955.17,1497.535162262362
634,1608606000000.0,22953.19,22966.0,22735.01,22848.92,1000.9414927917564
635,1608609600000.0,22848.92,23079.81,22848.92,22950.92,1343.110245207207
636,1608613200000.0,22950.92,22970.03,22612.49,22683.3,1325.1578554864323
637,1608616800000.0,22683.29,22870.21,22494.05,22747.9,1589.0545002879614
638,1608620400000.0,22751.09,22827.59,22468.88,22653.43,1814.5360029980036
639,1608624000000.0,22656.76,22749.31,22373.62,22689.83,2022.997987630388
640,1608627600000.0,22691.83,22821.47,22601.95,22789.17,1310.5743849270498
641,1608631200000.0,22789.18,22825.25,22606.45,22703.22,1130.6215609103638
642,1608634800000.0,22703.22,23150.0,22701.84,23118.38,2268.8510468110417
643,1608638400000.0,23118.38,23276.32,23067.38,23172.97,1726.0455839733725
644,1608642000000.0,23172.97,23537.67,23103.99,23479.96,2138.2763980070745
645,1608645600000.0,23479.96,23639.91,23343.4,23438.5,2074.2919528919806
646,1608649200000.0,23438.75,23602.39,23301.0,23341.65,1504.5795147617569
647,1608652800000.0,23341.64,23447.82,23236.1,23345.46,1661.9072554818167
648,1608656400000.0,23345.46,23430.69,23224.45,23341.86,689.8139128477965
649,1608660000000.0,23339.99,23523.05,23339.99,23438.19,1208.239891447468
650,1608663600000.0,23438.31,23510.78,23324.24,23404.3,828.2528533023574
651,1608667200000.0,23404.31,23449.88,23279.02,23419.81,828.2266054346737
652,1608670800000.0,23421.97,23531.3,23325.05,23432.84,1612.74657880552
653,1608674400000.0,23432.84,23781.0,23340.0,23723.06,955.1646981539413
654,1608678000000.0,23721.07,23840.44,23645.86,23820.0,2057.8541362517813
655,1608681600000.0,23820.0,24021.89,23704.69,24002.93,2474.680650942413
656,1608685200000.0,24002.93,24070.29,23660.0,23710.5,3120.4507408738687
657,1608688800000.0,23710.5,23741.26,23538.96,23630.51,1580.449499622588
658,1608692400000.0,23630.51,23779.15,23604.9,23702.17,1265.3678052030625
659,1608696000000.0,23702.17,23705.32,23429.47,23448.38,1655.2259760540526
660,1608699600000.0,23448.39,23538.29,23350.0,23533.88,1919.1024273769324
661,1608703200000.0,23533.88,23610.0,23441.68,23505.01,1363.1448747972931
662,1608706800000.0,23505.02,23638.77,23339.0,23560.28,1203.3792600996223
663,1608710400000.0,23560.29,23680.0,23446.61,23504.42,904.8035263610991
664,1608714000000.0,23504.42,23666.0,23424.25,23637.33,1294.3649895664541
665,1608717600000.0,23637.32,23730.0,23399.29,23438.98,1457.0188580534941
666,1608721200000.0,23438.97,23479.72,22693.0,23063.18,5069.310144753455
667,1608724800000.0,23065.02,23856.87,22936.15,23848.48,4365.719287749116
668,1608728400000.0,23849.96,24150.65,23452.11,23606.92,5129.331505979322
669,1608732000000.0,23606.92,23823.82,23525.83,23761.64,1912.7822790347766
670,1608735600000.0,23763.39,23894.53,23327.59,23450.3,2794.463024159425
671,1608739200000.0,23451.47,23645.21,23377.45,23396.78,1836.1545775384552
672,1608742800000.0,23396.79,23642.0,23351.5,23593.99,1062.4621874826862
673,1608746400000.0,23595.39,23681.85,23547.14,23610.85,691.6663520950017
674,1608750000000.0,23610.85,23623.05,23497.95,23552.82,446.02123626687137
675,1608753600000.0,23552.82,23626.83,23421.07,23496.22,922.0480307396812
676,1608757200000.0,23494.88,23526.13,23153.35,23315.84,1726.2774265823346
677,1608760800000.0,23315.84,23375.64,22616.0,23293.49,3921.9400319351694
678,1608764400000.0,23293.49,23467.15,23168.41,23229.98,1835.9865003444168
679,1608768000000.0,23234.51,23241.87,22800.0,23068.79,3259.007053787677
680,1608771600000.0,23070.4,23220.53,22876.4,23205.66,2366.1441458129975
681,1608775200000.0,23205.67,23234.04,22742.13,22803.43,2008.2231425341945
682,1608778800000.0,22803.43,22963.63,22700.0,22891.57,1864.8219433734866
683,1608782400000.0,22891.97,23046.59,22788.33,23021.85,1324.252650797357
684,1608786000000.0,23021.27,23137.9,22914.65,23051.84,1214.09929986746
685,1608789600000.0,23051.52,23141.88,22871.0,22932.97,1318.4486359262762
686,1608793200000.0,22932.97,23218.29,22829.55,23171.64,1506.3190589291185
687,1608796800000.0,23171.64,23483.23,23067.23,23451.55,1455.3079351710055
688,1608800400000.0,23452.56,23474.75,23259.55,23351.08,989.8786986440423
689,1608804000000.0,23350.66,23356.87,23120.98,23124.17,942.164737029796
690,1608807600000.0,23123.61,23294.92,23050.0,23217.39,1015.838643917748
691,1608811200000.0,23217.39,23297.0,23021.0,23209.45,908.3343858473844
692,1608814800000.0,23210.43,23396.24,23121.31,23380.78,1394.8467950987608
693,1608818400000.0,23384.92,23427.56,23154.8,23216.3,994.2842739568766
694,1608822000000.0,23216.3,23296.42,23100.0,23230.15,950.2048248571252
695,1608825600000.0,23230.15,23347.14,23112.17,23217.47,1283.5217775580675
696,1608829200000.0,23218.05,23468.92,23161.09,23376.5,1137.572659423054
697,1608832800000.0,23376.5,23419.21,23282.76,23311.98,440.14951798522696
698,1608836400000.0,23312.38,23407.38,23253.21,23286.69,393.3477185533462
699,1608840000000.0,23286.69,23568.32,23256.72,23527.73,887.6289876638335
700,1608843600000.0,23527.74,23560.0,23371.36,23408.94,742.4510459224518
701,1608847200000.0,23407.29,23747.95,23380.92,23706.89,1400.19303892156
702,1608850800000.0,23706.89,23797.48,23614.4,23727.23,1858.2048767329343
703,1608854400000.0,23727.24,23824.97,23562.5,23622.46,1199.9964308160365
704,1608858000000.0,23622.46,23656.58,23543.04,23593.55,639.6528085981424
705,1608861600000.0,23595.27,23621.69,23472.21,23474.31,1128.233402173001
706,1608865200000.0,23472.21,23571.81,23436.2,23477.61,739.1840019328093
707,1608868800000.0,23477.6,23622.18,23450.36,23612.64,484.66469633127394
708,1608872400000.0,23612.64,23650.0,23533.71,23598.95,631.7032274527611
709,1608876000000.0,23598.95,23687.76,23551.53,23627.68,737.3367367985757
710,1608879600000.0,23629.68,23677.66,23513.32,23651.46,1186.4005177408033
711,1608883200000.0,23652.99,23874.56,23600.0,23676.44,1988.54202268513
712,1608886800000.0,23673.37,23973.08,23650.0,23935.76,1884.0559504865103
713,1608890400000.0,23936.84,24034.65,23778.51,23976.0,1977.3652863721131
714,1608894000000.0,23977.02,24682.89,23900.38,24571.0,5735.571380258352
715,1608897600000.0,24571.98,24637.36,24342.59,24351.34,2350.325864551476
716,1608901200000.0,24351.33,24546.21,24329.13,24504.1,1125.418730281485
717,1608904800000.0,24504.37,24530.0,23780.0,24031.81,3584.0622679600197
718,1608908400000.0,24031.8,24200.0,23942.85,24019.43,1544.067829081561
719,1608912000000.0,24019.43,24302.0,24012.0,24081.48,2118.387626500446
720,1608915600000.0,24081.47,24262.35,23989.26,24186.34,870.7578121007737
721,1608919200000.0,24186.58,24430.76,24135.89,24356.26,805.1293743410092
722,1608922800000.0,24356.37,24529.93,24300.0,24449.94,791.3243356378189
723,1608926400000.0,24449.95,24494.89,24354.04,24458.59,498.94731233516336
724,1608930000000.0,24458.59,24458.59,24213.54,24419.75,623.7107116365644
725,1608933600000.0,24419.74,24658.16,24368.91,24590.48,1000.9441116947231
726,1608937200000.0,24590.48,24777.77,24516.14,24713.2,1702.1164462491763
727,1608940800000.0,24713.2,24777.77,24520.51,24603.06,1045.9957063791653
728,1608944400000.0,24602.23,24926.06,24500.0,24910.47,1494.618540616407
729,1608948000000.0,24909.47,24977.0,24759.84,24844.87,1463.5459249708645
730,1608951600000.0,24844.88,25045.3,24823.74,24914.48,1859.5571112275863
731,1608955200000.0,24911.93,24925.31,24750.0,24807.7,1282.011336215022
732,1608958800000.0,24807.8,24864.02,24662.39,24713.35,1071.2043693333126
733,1608962400000.0,24713.35,24873.04,24660.82,24834.83,704.323097292227
734,1608966000000.0,24834.9,24936.72,24717.92,24782.88,721.3105384717089
735,1608969600000.0,24782.88,25014.41,24755.18,24901.1,1100.9262481979265
736,1608973200000.0,24901.09,24913.72,24726.07,24856.5,1262.4545690620114
737,1608976800000.0,24856.5,24900.05,24573.49,24733.9,996.4567859420393
738,1608980400000.0,24733.89,24887.68,24707.49,24838.01,825.8968873810248
739,1608984000000.0,24835.57,24947.86,24715.0,24895.16,1298.73935993947
740,1608987600000.0,24895.16,24987.82,24800.0,24934.38,1075.0966295278922
741,1608991200000.0,24938.24,25441.28,24868.35,25381.3,3270.1661477138928
742,1608994800000.0,25381.3,25671.11,25337.25,25625.24,2496.9612511947466
743,1608998400000.0,25625.25,25955.32,25579.73,25861.27,4204.434382441166
744,1609002000000.0,25860.8,26000.0,25683.69,25788.77,2149.5640998333147
745,1609005600000.0,25789.98,25861.12,25582.62,25625.83,1027.6098325734304
746,1609009200000.0,25625.83,25934.76,25592.39,25929.32,797.5999010964225
747,1609012800000.0,25929.32,26498.0,25812.98,26418.19,2224.4529394437254
748,1609016400000.0,26420.21,26875.0,26330.37,26704.4,2634.2191519080725
749,1609020000000.0,26704.4,26800.0,26126.99,26418.06,2313.893388204698
750,1609023600000.0,26417.01,26650.0,26364.82,26487.17,1263.1890977454646
751,1609027200000.0,26487.89,26860.35,26487.69,26760.77,1528.7647459038985
752,1609030800000.0,26759.4,26963.0,26506.46,26621.68,2118.371826664814
753,1609034400000.0,26621.36,26859.3,26500.0,26573.57,1766.604069731063
754,1609038000000.0,26573.41,26651.87,26444.11,26573.58,1311.9859647245892
755,1609041600000.0,26573.57,26835.74,26573.57,26746.91,1148.969957261662
756,1609045200000.0,26746.92,26940.0,26710.57,26891.62,1118.480681514553
757,1609048800000.0,26890.35,27748.89,26890.35,27636.2,4735.8374121371635
758,1609052400000.0,27634.17,27787.22,27450.0,27637.04,1973.3176108525133
759,1609056000000.0,27637.19,27955.0,27376.34,27480.83,3526.0140253504173
760,1609059600000.0,27480.82,27850.0,27233.0,27815.6,2410.284810471731
761,1609063200000.0,27812.33,27893.74,27690.3,27822.38,1241.8910589987506
762,1609066800000.0,27824.9,28424.49,27000.0,27646.4,7953.917805324014
763,1609070400000.0,27647.73,27648.37,26600.0,27211.2,6633.389172946997
764,1609074000000.0,27211.2,27595.47,27065.4,27513.5,2448.11126667345
765,1609077600000.0,27513.49,27764.23,27231.49,27332.63,3031.6531942267443
766,1609081200000.0,27332.63,27474.42,27018.0,27360.51,2404.756750397973
767,1609084800000.0,27360.51,27522.01,26500.0,27102.21,5534.956561507498
768,1609088400000.0,27102.2,27102.21,26681.66,26805.36,1725.346648427463
769,1609092000000.0,26805.36,27068.45,26566.0,27060.26,1165.623874037871
770,1609095600000.0,27060.27,27300.0,26984.63,27084.85,807.1126946898015
771,1609099200000.0,27084.85,27099.34,26190.0,26223.49,2423.3932428900753
772,1609102800000.0,26223.48,26476.47,25838.46,26405.62,3118.6728146941846
773,1609106400000.0,26405.63,26682.35,26278.48,26525.96,1067.909016241221
774,1609110000000.0,26525.96,26710.88,26231.45,26288.01,1358.4023982784222
775,1609113600000.0,26285.49,26977.31,26101.5,26881.2,2330.9815029189817
776,1609117200000.0,26881.19,27357.84,26808.19,27061.6,1941.5473288621783
777,1609120800000.0,27061.6,27164.92,26907.77,27086.65,960.373706223414
778,1609124400000.0,27082.48,27285.26,26919.83,27273.77,944.6869256206732
779,1609128000000.0,27273.76,27312.28,26845.83,26864.01,1419.6687919643732
780,1609131600000.0,26863.49,27157.12,26819.0,26935.65,1112.5608069698442
781,1609135200000.0,26937.82,27090.0,26852.13,27052.35,769.9127737436112
782,1609138800000.0,27052.34,27200.32,27001.25,27001.25,1521.0072910960573
783,1609142400000.0,27001.25,27083.16,26703.79,26939.71,1557.5551144753058
784,1609146000000.0,26935.99,27005.46,26751.58,26832.55,1108.1532064941737
785,1609149600000.0,26832.54,26920.0,26557.15,26715.82,1788.571976864416
786,1609153200000.0,26715.2,26890.0,26600.0,26857.39,1323.845497795658
787,1609156800000.0,26857.4,27143.06,26710.06,27097.52,1761.9053638871949
788,1609160400000.0,27097.51,27500.0,27097.51,27242.49,2758.496791633255
789,1609164000000.0,27242.48,27351.85,27135.01,27280.44,850.2726515227592
790,1609167600000.0,27280.44,27318.34,26820.05,26911.93,1368.8563770957535
791,1609171200000.0,26911.93,27160.0,26720.0,27069.21,1927.534975277944
792,1609174800000.0,27069.2,27238.09,27025.0,27140.06,758.2739211348936
793,1609178400000.0,27139.28,27228.0,26890.01,27016.63,1004.3140176927697
794,1609182000000.0,27019.85,27196.73,26936.17,26993.02,819.2276458086137
795,1609185600000.0,26993.02,27097.88,26671.0,26866.04,1335.7257140963948
796,1609189200000.0,26866.04,26957.72,26627.06,26631.65,752.39020275496
797,1609192800000.0,26631.65,26935.43,26433.01,26892.37,1276.2054180199834
798,1609196400000.0,26892.37,27162.74,26834.73,27078.08,1146.6625905512255
799,1609200000000.0,27074.19,27110.17,26758.15,26814.14,1193.9174025342252
800,1609203600000.0,26812.46,26857.94,26637.04,26830.6,1237.1720032457647
801,1609207200000.0,26829.33,26946.13,26727.47,26860.3,657.3686847406688
802,1609210800000.0,26860.31,26865.68,26438.0,26447.5,2186.381763588472
803,1609214400000.0,26446.93,26582.4,26206.0,26483.65,2471.422974083385
804,1609218000000.0,26483.65,26498.64,25888.88,26450.6,3713.5746082928013
805,1609221600000.0,26452.23,26518.86,26266.45,26354.32,1594.265837768648
806,1609225200000.0,26354.32,26460.44,26147.24,26436.49,1326.567780268219
807,1609228800000.0,26436.5,26766.44,26432.56,26661.87,2387.3588480216213
808,1609232400000.0,26662.03,26749.0,26531.59,26591.27,1141.4140249388565
809,1609236000000.0,26591.27,26870.1,26589.86,26741.88,1563.68218790368
810,1609239600000.0,26741.87,26909.42,26577.08,26880.14,1304.0239715107375
811,1609243200000.0,26880.13,27114.52,26850.01,26894.58,2279.8449858894455
812,1609246800000.0,26894.58,26974.81,26742.62,26878.07,858.9840364832559
813,1609250400000.0,26879.99,26901.0,26600.0,26665.37,1176.287088394269
814,1609254000000.0,26665.37,26734.66,26427.55,26617.04,1646.910843328231
815,1609257600000.0,26617.04,26623.32,26242.37,26427.82,2586.5641358920393
816,1609261200000.0,26427.83,26624.43,26244.19,26618.2,1383.5848247243453
817,1609264800000.0,26618.19,26745.74,26570.11,26594.96,1486.4292624460802
818,1609268400000.0,26594.97,26940.0,26542.47,26936.47,1526.4434456597717
819,1609272000000.0,26937.1,27010.0,26790.0,26997.49,1179.0371570430182
820,1609275600000.0,26997.49,27202.73,26821.73,26915.73,1429.6852157205656
821,1609279200000.0,26915.74,27131.73,26901.36,27047.54,661.0588191578537
822,1609282800000.0,27048.4,27413.14,26945.07,27385.55,1631.7375505536195
823,1609286400000.0,27385.55,27834.93,27379.15,27630.34,2897.7219110676415
824,1609290000000.0,27630.34,27734.72,27529.65,27618.18,1012.0455816774466
825,1609293600000.0,27618.19,28026.76,27499.87,28010.68,2501.553520328656
826,1609297200000.0,28012.91,28240.0,27813.89,28065.47,2489.5000944525127
827,1609300800000.0,28066.89,28206.64,27712.22,27900.0,2293.476948124105
828,1609304400000.0,27900.0,28155.36,27826.34,28014.69,1209.4084652580138
829,1609308000000.0,28014.68,28568.0,27931.52,28376.96,2964.7468152693605
830,1609311600000.0,28372.54,28597.77,28268.58,28383.02,1446.69676501486
831,1609315200000.0,28386.45,28579.18,27500.0,27737.2,3919.100028893556
832,1609318800000.0,27737.2,27902.45,27350.8,27852.67,2280.8716715768956
833,1609322400000.0,27852.67,28062.97,27747.45,27848.31,991.3761785045896
834,1609326000000.0,27846.93,27948.24,27600.0,27838.48,955.5422390265674
835,1609329600000.0,27838.48,27950.0,27578.06,27861.93,1018.7054652137375
836,1609333200000.0,27858.85,28168.0,27768.5,27865.53,1656.2139718363203
837,1609336800000.0,27868.89,28189.08,27868.88,28188.67,981.0038565114061
838,1609340400000.0,28188.67,28300.0,28015.11,28153.95,1374.6167643948843
839,1609344000000.0,28153.95,28260.18,27900.32,28158.18,2229.455819835323
840,1609347600000.0,28156.6,28310.42,28047.8,28237.39,1085.3122780899735
841,1609351200000.0,28237.4,28528.56,28232.43,28507.67,1238.6012114109974
842,1609354800000.0,28507.67,28888.0,28454.12,28775.27,2195.99511983144
843,1609358400000.0,28776.34,28998.0,28604.82,28785.02,1092.4204720713506
844,1609362000000.0,28783.09,28980.0,28529.71,28873.14,1006.1077503394823
845,1609365600000.0,28873.14,28901.33,28560.39,28707.87,823.4248328027287
846,1609369200000.0,28707.17,28910.18,28635.0,28868.0,931.3510990372283
847,1609372800000.0,28868.0,29306.8,28865.96,29111.93,2635.6737394175284
848,1609376400000.0,29111.92,29173.6,28135.95,28742.53,4802.576494964266
849,1609380000000.0,28740.96,28793.38,28611.4,28720.0,850.0002854381207
850,1609383600000.0,28720.01,29150.57,28711.66,29022.12,1410.1168231155966
851,1609387200000.0,29021.85,29192.97,28851.99,29022.31,1228.263254243465
852,1609390800000.0,29022.32,29024.6,28732.51,28967.17,1224.7987730921616
853,1609394400000.0,28967.16,29072.26,28843.56,28857.2,1189.3547650361304
854,1609398000000.0,28857.2,29293.27,28857.2,29151.78,1543.0350911261505
855,1609401600000.0,29154.99,29205.0,28780.0,28926.52,1722.5134975037906
856,1609405200000.0,28926.52,29077.03,28574.84,28988.58,1503.938468642781
857,1609408800000.0,28988.58,29173.02,28952.32,29136.17,809.0442731996444
858,1609412400000.0,29136.17,29139.7,28893.66,28910.52,856.4298984331344
859,1609416000000.0,28911.3,28988.96,28400.0,28605.88,2591.2834526325464
860,1609419600000.0,28605.87,28628.29,27851.0,28513.0,5569.902483904403
861,1609423200000.0,28513.0,28518.68,28110.9,28365.5,1667.4967012399898
862,1609426800000.0,28365.5,28833.0,28358.18,28779.14,2079.808028005689
863,1609430400000.0,28779.15,28833.0,28316.19,28381.0,2099.8636592369635
864,1609434000000.0,28379.8,28722.37,28356.53,28573.17,971.6989509721442
865,1609437600000.0,28573.17,28893.83,28476.33,28865.57,1303.0690895636674
866,1609441200000.0,28865.56,28999.0,28744.79,28890.92,883.1297339871297
867,1609444800000.0,28894.69,29137.82,28860.77,29127.99,1081.2032347669044
868,1609448400000.0,29126.52,29155.0,28892.92,28949.99,1123.576802528411
869,1609452000000.0,28950.0,29145.52,28906.12,29101.12,613.4518237640326
870,1609455600000.0,29099.24,29110.58,28780.0,28921.82,721.5146997248468
871,1609459200000.0,28921.82,29027.1,28689.2,28989.36,1042.608289041244
872,1609462800000.0,28989.36,29476.61,28954.62,29404.27,2685.977749664731
873,1609466400000.0,29404.27,29456.92,29120.57,29191.38,1542.9067981741746
874,1609470000000.0,29192.88,29339.2,29142.43,29272.3,641.5851388384365
875,1609473600000.0,29272.3,29376.47,29060.2,29212.71,1018.259041988135
876,1609477200000.0,29212.71,29229.65,29089.44,29185.25,657.9128599884856
877,1609480800000.0,29185.25,29252.0,29090.85,29173.51,882.1940988525682
878,1609484400000.0,29173.52,29191.43,28820.16,29090.0,1131.5265979758458
879,1609488000000.0,29090.0,29176.2,28876.1,29003.2,1164.6903349824597
880,1609491600000.0,29003.2,29309.27,28981.72,29198.79,1407.9769302884101
881,1609495200000.0,29198.8,29344.89,29158.14,29233.53,921.7444404576842
882,1609498800000.0,29233.47,29418.56,29220.0,29314.67,1039.9564455410452
883,1609502400000.0,29314.66,29619.0,29149.48,29229.07,2906.7163239011356
884,1609506000000.0,29229.07,29469.59,29209.82,29460.76,1187.2644465861704
885,1609509600000.0,29460.76,29538.15,29260.59,29324.33,985.8189040075215
886,1609513200000.0,29324.33,29385.93,29011.18,29190.91,1501.5593659788344
887,1609516800000.0,29190.92,29364.93,29130.35,29301.76,851.3975295604
888,1609520400000.0,29301.77,29345.0,28937.1,29077.2,921.1901483936643
889,1609524000000.0,29077.2,29263.56,28631.09,29072.14,1883.3979967444138
890,1609527600000.0,29069.32,29124.5,28957.96,29032.68,515.9483148278479
891,1609531200000.0,29032.68,29279.26,28885.1,29200.37,741.9333555129704
892,1609534800000.0,29200.37,29290.0,29147.5,29164.28,514.1410806333548
893,1609538400000.0,29164.27,29329.72,29114.02,29264.83,618.5409224701472
894,1609542000000.0,29264.19,29333.06,29230.0,29327.42,444.4576454077143
895,1609545600000.0,29327.41,29334.8,28943.32,29198.27,1372.83400269136
896,1609549200000.0,29198.27,29413.1,29104.37,29363.71,985.1940030335239
897,1609552800000.0,29363.72,29471.43,29190.0,29324.31,1131.4081108893852
898,1609556400000.0,29324.31,29380.0,29256.05,29350.01,540.0464465593776
899,1609560000000.0,29350.01,29392.53,29220.51,29347.09,606.1390511485885
900,1609563600000.0,29346.12,29602.67,29345.14,29601.89,1620.7852920369853
901,1609567200000.0,29601.89,29751.06,29464.47,29708.66,1122.219687647864
902,1609570800000.0,29708.66,29826.62,29634.39,29750.17,1198.803693470287
903,1609574400000.0,29750.18,29846.88,29637.97,29841.89,1083.3293313923498
904,1609578000000.0,29839.99,29911.0,29540.0,29610.15,1428.6119202281855
905,1609581600000.0,29606.83,29825.14,29458.09,29679.92,1286.1638464276477
906,1609585200000.0,29680.4,29776.83,29629.4,29751.91,560.4936686688943
907,1609588800000.0,29751.89,30888.0,29738.31,30603.77,7932.107792705772
908,1609592400000.0,30604.16,31500.0,30520.96,31500.0,4447.21102781235
909,1609596000000.0,31500.0,31541.01,31072.5,31282.93,2607.089617142858
910,1609599600000.0,31288.48,31800.96,31236.89,31695.17,1860.0143696435855
911,1609603200000.0,31695.15,33023.71,31695.15,32479.24,7923.509405190031
912,1609606800000.0,32482.29,32947.59,32396.02,32855.62,1415.7054399931033
913,1609610400000.0,32855.61,33299.0,32422.44,32991.63,2083.4817774083617
914,1609614000000.0,32991.63,33228.44,32680.0,33036.72,1741.0980258495179
915,1609617600000.0,33035.88,33064.82,30688.0,30818.85,5703.030782556338
916,1609621200000.0,30780.64,31995.99,30500.0,31700.1,4552.648013569723
917,1609624800000.0,31700.1,32293.75,31442.48,32150.0,1054.615351333018
918,1609628400000.0,32150.01,32239.81,31613.5,32187.78,1881.3321149489807
919,1609632000000.0,32187.78,32491.56,31972.43,32444.89,1225.8868404271855
920,1609635600000.0,32444.89,32796.19,32227.29,32589.78,1225.105897247116
921,1609639200000.0,32586.63,32880.0,32567.24,32736.5,732.926738566255
922,1609642800000.0,32736.5,32751.64,32310.03,32570.38,898.9185570086458
923,1609646400000.0,32570.38,33260.0,32436.41,33200.35,1473.878971769916
924,1609650000000.0,33200.35,34234.46,33118.59,33753.22,5209.931051788106
925,1609653600000.0,33753.22,34109.45,33654.87,33958.02,1725.6941192063505
926,1609657200000.0,33958.03,34762.8,33750.37,34436.76,3022.7681600787278
927,1609660800000.0,34436.76,34662.1,33780.0,34367.49,2014.4504187178122
928,1609664400000.0,34367.48,34570.82,33800.0,34188.29,1703.7388681682553
929,1609668000000.0,34186.04,34346.54,33462.48,33883.07,2190.5414879923565
930,1609671600000.0,33883.08,34427.91,33790.25,34407.93,1552.8715040112877
931,1609675200000.0,34407.92,34588.64,33915.08,34092.93,1368.441933705581
932,1609678800000.0,34092.93,34364.13,33800.15,33876.0,1483.3542917056532
933,1609682400000.0,33875.25,34149.36,33450.57,33802.78,2677.985783884802
934,1609686000000.0,33802.77,33851.67,32754.11,33506.67,5020.717285974512
935,1609689600000.0,33506.67,33850.74,32650.0,32695.64,5009.761389211254
936,1609693200000.0,32692.79,33243.54,32500.66,32909.1,3126.7123407358727
937,1609696800000.0,32909.1,33029.99,32306.89,32775.55,1740.2187878789223
938,1609700400000.0,32775.35,32931.4,32471.52,32777.19,1042.021933073836
939,1609704000000.0,32778.16,33818.58,32737.07,33723.61,2206.502332774962
940,1609707600000.0,33723.61,33860.36,33522.36,33568.86,781.2137246631502
941,1609711200000.0,33566.66,33650.0,33000.0,33131.68,1194.439173724012
942,1609714800000.0,33134.37,33600.0,32667.5,33012.21,2032.9997577098513
943,1609718400000.0,33012.2,33114.24,32388.62,32847.78,2401.797512548925
944,1609722000000.0,32847.78,33320.81,32600.23,33193.99,1251.6196057687373
945,1609725600000.0,33193.99,33590.17,32975.74,33456.32,1253.1766001651663
946,1609729200000.0,33456.32,33511.69,33168.16,33505.3,1485.8523403775505
947,1609732800000.0,33505.34,33591.68,33179.55,33254.32,1241.307405274612
948,1609736400000.0,33257.12,33315.0,32810.47,32814.01,1475.2462060043315
949,1609740000000.0,32814.02,33362.7,32814.02,33106.63,2396.7875359647387
950,1609743600000.0,33106.64,33174.41,31715.0,32126.08,5688.892850821137
951,1609747200000.0,32126.08,32610.91,31474.0,32052.96,4756.519513883735
952,1609750800000.0,32052.86,32150.0,30300.0,31042.47,8192.963806148444
953,1609754400000.0,31042.49,31253.55,27777.0,30262.0,16387.982311505533
954,1609758000000.0,30258.96,30880.6,29403.6,30737.82,5040.350952206685
955,1609761600000.0,30737.83,31402.99,30450.53,31209.1,4072.7402552173844
956,1609765200000.0,31209.1,31400.0,30587.34,31398.99,1929.2844282143362
957,1609768800000.0,31398.98,32130.0,31398.98,32104.57,2745.6378443580934
958,1609772400000.0,32104.58,32180.0,31550.0,31737.83,2439.9730171559377
959,1609776000000.0,31741.01,31900.0,30727.44,31327.49,6164.984718920918
960,1609779600000.0,31316.31,31519.31,30631.41,31023.51,2046.4578377684716
961,1609783200000.0,31023.5,31452.94,31012.51,31159.39,1600.963688532559
962,1609786800000.0,31159.39,31857.75,31100.0,31666.93,1164.6278409707497
963,1609790400000.0,31664.28,31830.39,31200.0,31240.29,978.1361336735814
964,1609794000000.0,31245.66,31578.76,30863.31,31007.72,970.5688374793591
965,1609797600000.0,31010.47,31473.05,30956.12,31333.22,589.0352767204687
966,1609801200000.0,31333.22,32026.11,31157.33,31991.16,1714.4774156148599
967,1609804800000.0,31991.17,32833.01,31991.17,32437.86,2960.497632080804
968,1609808400000.0,32435.34,32795.46,32256.15,32787.69,1455.7371474845686
969,1609812000000.0,32788.41,32826.54,32227.67,32305.96,1110.6341655138153
970,1609815600000.0,32307.82,32532.89,31138.43,31184.66,2797.6111399246965
971,1609819200000.0,31181.24,31536.37,30428.19,30865.01,3653.8744627522633
972,1609822800000.0,30864.29,31370.26,30001.0,30440.98,4170.280045895566
973,1609826400000.0,30440.97,31266.26,29901.56,31121.57,4098.8894322621945
974,1609830000000.0,31120.25,31311.65,30755.0,30816.11,1458.8487758863546
975,1609833600000.0,30816.12,31516.11,30807.22,31198.17,1644.2664506948536
976,1609837200000.0,31198.17,31825.34,31170.85,31570.84,1592.1357325867982
977,1609840800000.0,31570.83,31695.15,31087.47,31351.48,1452.387935999874
978,1609844400000.0,31352.44,31782.89,31285.07,31781.72,1154.5871547816628
979,1609848000000.0,31781.72,32063.8,31560.79,31578.18,1719.746015462598
980,1609851600000.0,31582.37,31892.0,31407.02,31460.31,909.2423782357421
981,1609855200000.0,31460.31,32386.05,31110.17,32348.33,2581.5838772369757
982,1609858800000.0,32348.33,32381.12,31914.14,32091.45,1673.3109117289
983,1609862400000.0,32091.46,32686.3,31767.96,32469.39,2476.245857269451
984,1609866000000.0,32469.39,32791.11,32251.01,32746.09,1298.4827834908194
985,1609869600000.0,32746.1,33416.0,32439.58,33363.94,2231.1541921675434
986,1609873200000.0,33363.29,34160.0,33110.01,33693.58,2663.033515454425
987,1609876800000.0,33693.57,34050.0,33360.05,33968.17,1673.5955386652158
988,1609880400000.0,33968.16,33991.46,33484.13,33696.75,1039.9144458141047
989,1609884000000.0,33696.75,34372.63,33693.53,34155.51,1942.3312454852514
990,1609887600000.0,34156.78,34249.56,33648.07,33942.04,1440.4993658571348
991,1609891200000.0,33942.04,34096.09,33300.0,33916.55,2309.4016527522153
992,1609894800000.0,33916.56,34020.42,33510.22,33810.5,1097.4296776399053
993,1609898400000.0,33809.36,34134.08,33774.03,33872.63,1261.8204490887945
994,1609902000000.0,33872.41,34167.03,33650.0,34129.59,1288.4004806124724
995,1609905600000.0,34125.55,35781.0,34114.02,35324.26,7448.753496102833
996,1609909200000.0,35324.26,35544.1,34538.0,34971.81,2637.5702049455017
997,1609912800000.0,34971.8,35221.01,34783.98,35119.46,1209.5444747553288
998,1609916400000.0,35119.46,35250.0,34344.21,34678.51,1683.371971484763
999,1609920000000.0,34675.93,34954.97,34510.0,34669.35,644.4617583025914
